"Original_name","Simplified_name","syn_name"
"Acer opalus","Acer opalus","Acer opalus"
"Apium nodiflorum","Apium nodiflorum","Ciclospermum nodiflorum"
"Apium nodiflorum","Apium nodiflorum","Cyclospermum nodiflorum"
"Arum italicum","Arum italicum","Arum italicum"
"Asparagus acutifolius","Asparagus acutifolius","Asparagus acutifolius"
"Brachypodium phoenicoides","Brachypodium phoenicoides","Bromus phoenicoides"
"Brachypodium phoenicoides","Brachypodium phoenicoides","Festuca phoenicoides"
"Brachypodium phoenicoides","Brachypodium phoenicoides","Poa phoenicoides"
"Brachypodium phoenicoides","Brachypodium phoenicoides","Triticum phoenicoides"
"Brachypodium phoenicoides","Brachypodium phoenicoides","Brachypodium pinnatum subsp. phoenicoides"
"Brachypodium phoenicoides","Brachypodium phoenicoides","Brachypodium cespitosum var. phoenicoides"
"Brachypodium phoenicoides","Brachypodium phoenicoides","Brachypodium pinnatum var. phoenicoides"
"Brachypodium phoenicoides","Brachypodium phoenicoides","Brachypodium ramosum var. phoenicoides"
"Brachypodium phoenicoides x rupestre","Brachypodium phoenicoides","Bromus phoenicoides"
"Brachypodium phoenicoides x rupestre","Brachypodium phoenicoides","Festuca phoenicoides"
"Brachypodium phoenicoides x rupestre","Brachypodium phoenicoides","Poa phoenicoides"
"Brachypodium phoenicoides x rupestre","Brachypodium phoenicoides","Triticum phoenicoides"
"Brachypodium phoenicoides x rupestre","Brachypodium phoenicoides","Brachypodium pinnatum subsp. phoenicoides"
"Brachypodium phoenicoides x rupestre","Brachypodium phoenicoides","Brachypodium cespitosum var. phoenicoides"
"Brachypodium phoenicoides x rupestre","Brachypodium phoenicoides","Brachypodium pinnatum var. phoenicoides"
"Brachypodium phoenicoides x rupestre","Brachypodium phoenicoides","Brachypodium ramosum var. phoenicoides"
"Brachypodium phoenicoides x sylvaticum","Brachypodium phoenicoides","Bromus phoenicoides"
"Brachypodium phoenicoides x sylvaticum","Brachypodium phoenicoides","Festuca phoenicoides"
"Brachypodium phoenicoides x sylvaticum","Brachypodium phoenicoides","Poa phoenicoides"
"Brachypodium phoenicoides x sylvaticum","Brachypodium phoenicoides","Triticum phoenicoides"
"Brachypodium phoenicoides x sylvaticum","Brachypodium phoenicoides","Brachypodium pinnatum subsp. phoenicoides"
"Brachypodium phoenicoides x sylvaticum","Brachypodium phoenicoides","Brachypodium cespitosum var. phoenicoides"
"Brachypodium phoenicoides x sylvaticum","Brachypodium phoenicoides","Brachypodium pinnatum var. phoenicoides"
"Brachypodium phoenicoides x sylvaticum","Brachypodium phoenicoides","Brachypodium ramosum var. phoenicoides"
"Cardamine heptaphylla","Cardamine heptaphylla","Cardamine heptaphylla"
"Cardamine raphanifolia","Cardamine raphanifolia","Cardamine raphanifolia"
"Carex cuprina","Carex cuprina","Carex cuprina"
"Carex sempervirens","Carex sempervirens","Carex sempervirens"
"Centaurea debeauxii","Centaurea debeauxii","Centaurea debauxii"
"Conopodium pyrenaeum","Conopodium pyrenaeum","Conopodium pyrenaeum"
"Crepis lampsanoides","Crepis lampsanoides","Crepis lampsanoides"
"Crocus nudiflorus","Crocus nudiflorus","Crocus nudiflorus"
"Cruciata glabra","Cruciata glabra","Cruciata glabra"
"Cucubalus baccifer","Cucubalus baccifer","Cucubalus baccifer"
"Daphne laureola","Daphne laureola","Daphne laureola"
"Elymus campestris","Elymus campestris","Elymus campestris"
"Erica vagans","Erica vagans","Erica vagans"
"Fritillaria pyrenaica","Fritillaria pyrenaica","Fritillaria pyrenaica"
"Galium laevigatum","Galium laevigatum","Galium laevigatum"
"Hedera hibernica","Hedera hibernica","Hedera helix var. hibernica"
"Helictotrichon cantabricum","Helictotrichon cantabricum","Helictotrichon cantabricum"
"Inula conyza","Inula conyza","Inula conyza"
"Iris foetidissima","Iris foetidissima","Iris foetida"
"Knautia arvernensis","Knautia arvernensis","Knautia arvernensis"
"Lamium galeobdolon","Lamium galeobdolon","Lamiastrum galeobdolon"
"Lathraea clandestina","Lathraea clandestina","Lathraea clandestina"
"Lathyrus occidentalis","Lathyrus occidentalis","Lathyrus occidentalis"
"Lithospermum purpurocaerulem","Lithospermum purpurocaerulem","Lithospermum purpurocaerulem"
"Luzula forsteri","Luzula forsteri","Luzula forsteri"
"Myosotis martini","Myosotis martini","Myosotis martini"
"Papaver cambricum","Papaver cambricum","Papaver cambricum"
"Phillyrea latifolia","Phillyrea latifolia","Phillyrea latifolia"
"Phyllitis scolopendrium","Phyllitis scolopendrium","Phyllitis scolopendrium"
"Phyllitis scolopendrium","Phyllitis scolopendrium","Phyllitis scolopendrium var. scolopendrium"
"Poa compresa","Poa compresa","Poa compresa"
"Potentilla montana","Potentilla montana","Potentilla montana"
"Pteridium aquilium","Pteridium aquilium","Pteridium aquilium"
"Pulmonaria affinis","Pulmonaria affinis","Pulmonaria affinis"
"Pulmonaria longifolia","Pulmonaria longifolia","Pulmonaria longifolia"
"Quercus faginea","Quercus faginea","Quercus faginea"
"Quercus pyrenaica","Quercus pyrenaica","Quercus pyrenaica"
"Ranunculus tuberosus","Ranunculus tuberosus","Ranunculus tuberosus"
"Rhamnus alaternus","Rhamnus alaternus","Rhamnus alaternus"
"Rubia peregrina","Rubia peregrina","Galium hispidulum"
"Rubia peregrina","Rubia peregrina","Bataprine hispidula"
"Rubia peregrina","Rubia peregrina","Galium carolinianum"
"Rubia peregrina","Rubia peregrina","Galium hispidum"
"Rubia peregrina","Rubia peregrina","Galium peregrina"
"Rubia peregrina","Rubia peregrina","Rubia brownei"
"Rubia peregrina","Rubia peregrina","Rubia peregrina"
"Rubia peregrina","Rubia peregrina","Rubia walteri"
"Rubia peregrina","Rubia peregrina","Galium peregrinum"
"Ruscus aculeatus","Ruscus aculeatus","Ruscus aculeatus"
"Salix atrocinerea","Salix atrocinerea","Salix oleifolia"
"Salix atrocinerea","Salix atrocinerea","Salix cinerea subsp. oleifolia"
"Salix atrocinerea","Salix atrocinerea","Salix cinerea subsp. atrocinerea"
"Scilla lilio-hyacinthus","Scilla lilio-hyacinthus","Scilla lilio-hyacinthus"
"Scrophularia alpestris","Scrophularia alpestris","Scrophularia alpestris"
"Scrophularia auriculata","Scrophularia auriculata","Scrophularia auriculata"
"Sison amomum","Sison amomum","Sison amomum"
"Tamus communis","Tamus communis","Tamus communis"
"Taraxacum officinale","Taraxacum officinale","Taraxacum kok-saghyz"
"Taraxacum officinale","Taraxacum officinale","Taraxacum vulgare"
"Taraxacum officinale","Taraxacum officinale","Taraxacum officinale subsp. vulgare"
"Taraxacum officinale","Taraxacum officinale","Taraxacum palustre var. vulgare"
"Thalictrum tuberosum","Thalictrum tuberosum","Thalictrum tuberosum"
"Valeriana pyrenaica","Valeriana pyrenaica","Valeriana pyrenaica"
"Veronica ponae","Veronica ponae","Veronica ponae"
"Viburnum tinus","Viburnum tinus","Viburnum tinus"
"Xanthium sp","Xanthium","Xanthium"
"Xeranthemum cylindraceum","Xeranthemum cylindraceum","Xeranthemum cylindraceum"
"Apium nodiflorum","Apium nodiflorum","Apium nodiflorum"
"Brachypodium phoenicoides","Brachypodium phoenicoides","Brachypodium phoenicoides"
"Centaurea debeauxii","Centaurea debeauxii","Centaurea debeauxii"
"Hedera hibernica","Hedera hibernica","Hedera hibernica"
"Iris foetidissima","Iris foetidissima","Iris foetidissima"
"Lamium galeobdolon","Lamium galeobdolon","Lamium galeobdolon"
"Salix atrocinerea","Salix atrocinerea","Salix atrocinerea"
"Taraxacum officinale","Taraxacum officinale","Taraxacum officinale"
"Phyllitis scolopendrium","Phyllitis scolopendrium","Asplenium scolopendrium var. scolopendrium"
"Rubia peregrina","Rubia peregrina","Galium bermudense"
