"Simplified_name","acc_name","syn_name"
"Aconitum vulparia","Aconitum lycoctonum ssp. vulparia","Aconitum vulparia"
"Agrostis capillaris",NA,"Agrostis tenuis"
"Agrostis capillaris",NA,"Agrostis tenuis var. aristata"
"Agrostis capillaris",NA,"Agrostis tenuis var. hispida"
"Agrostis capillaris",NA,"Agrostis tenuis var. pumila"
"Agrostis capillaris",NA,"Agrostis vulgaris"
"Agrostis capillaris",NA,"Agrostis sylvatica"
"Agrostis capillaris",NA,"Agrestis polymorpha"
"Agrostis capillaris",NA,"Agrostis capillaris"
"Agrostis capillaris",NA,"Agrostis diffusa"
"Agrostis capillaris",NA,"Agrostis hispida"
"Agrostis capillaris",NA,"Agrostis laxa"
"Agrostis capillaris",NA,"Agrostis lithuanica"
"Agrostis capillaris",NA,"Agrostis polymorpha"
"Agrostis capillaris",NA,"Agrostis pumila"
"Agrostis capillaris",NA,"Agrostis stricta"
"Agrostis capillaris",NA,"Agrostis stricta"
"Agrostis capillaris",NA,"Agrostis stricta"
"Agrostis capillaris",NA,"Agrostis tenella"
"Agrostis capillaris",NA,"Agrostis varians"
"Agrostis capillaris",NA,"Decandolia vulgaris"
"Agrostis capillaris",NA,"Trichodium capillaris"
"Agrostis capillaris",NA,"Trichodium strictum"
"Agrostis capillaris",NA,"Vilfa vulgaris"
"Agrostis capillaris",NA,"Vilfa vulgaris"
"Agrostis capillaris",NA,"Agrostis alba ssp. vulgaris"
"Agrostis capillaris",NA,"Agrostis alba var. aristata"
"Agrostis capillaris",NA,"Agrostis alba var. minor"
"Agrostis capillaris",NA,"Agrostis alba var. silvatica"
"Agrostis capillaris",NA,"Agrostis alba var. stricta"
"Agrostis capillaris",NA,"Agrostis alba var. tenuis"
"Agrostis capillaris",NA,"Agrostis alba var. vulgaris"
"Agrostis capillaris",NA,"Agrostis alba var. vulgaris"
"Agrostis capillaris",NA,"Agrostis alba var. vulgaris"
"Agrostis capillaris",NA,"Agrostis capillaris var. aristata"
"Agrostis capillaris",NA,"Agrostis capillaris var. aristulata"
"Agrostis capillaris",NA,"Agrostis capillaris var. pumila"
"Agrostis capillaris",NA,"Agrostis palustris var. stricta"
"Agrostis capillaris",NA,"Agrostis polymorpha var. capillaris"
"Agrostis capillaris",NA,"Agrostis polymorpha var. pumila"
"Agrostis capillaris",NA,"Agrostis rubra var. pumila"
"Agrostis capillaris",NA,"Agrostis rubra var. tenella"
"Agrostis capillaris",NA,"Agrostis stolonifera var. hispida"
"Agrostis capillaris",NA,"Agrostis stolonifera var. minor"
"Agrostis capillaris",NA,"Agrostis stolonifera var. tenella"
"Agrostis capillaris",NA,"Agrostis stolonifera var. vulgaris"
"Agrostis capillaris",NA,"Agrostis tenuis var. tenuis"
"Agrostis capillaris",NA,"Agrostis vulgaris var. aristata"
"Agrostis capillaris",NA,"Agrostis vulgaris var. aristata"
"Agrostis capillaris",NA,"Agrostis vulgaris var. hispida"
"Agrostis capillaris",NA,"Agrostis vulgaris var. hispida"
"Agrostis capillaris",NA,"Agrostis vulgaris var. pumila"
"Agrostis capillaris",NA,"Agrostis vulgaris var. pumila"
"Agrostis capillaris",NA,"Agrostis vulgaris var. pumila"
"Agrostis capillaris",NA,"Agrostis vulgaris var. tenella"
"Agrostis capillaris",NA,"Vilfa divaricata var. pumila"
"Agrostis capillaris",NA,"Agrostis alba subvar. pumila"
"Agrostis capillaris",NA,"Agrostis alba subvar. pumila"
"Agrostis capillaris",NA,"Agrostis tenuis f. aristata"
"Agrostis stolonifera",NA,"Agrostis palustris"
"Agrostis stolonifera",NA,"Agrostis stolonifera var. compacta"
"Agrostis stolonifera",NA,"Agrostis alba var. stolonifera"
"Agrostis stolonifera",NA,"Agrostis maritima"
"Agrostis stolonifera",NA,"Agrostis adscendens"
"Agrostis stolonifera",NA,"Agrostis albida"
"Agrostis stolonifera",NA,"Agrostis ambigua"
"Agrostis stolonifera",NA,"Agrostis aristulata"
"Agrostis stolonifera",NA,"Agrostis aspera"
"Agrostis stolonifera",NA,"Agrostis brevis"
"Agrostis stolonifera",NA,"Agrostis bryoides"
"Agrostis stolonifera",NA,"Agrostis caespitosa"
"Agrostis stolonifera",NA,"Agrostis caespitosa"
"Agrostis stolonifera",NA,"Agrostis decumbens"
"Agrostis stolonifera",NA,"Agrostis depressa"
"Agrostis stolonifera",NA,"Agrostis dulcis"
"Agrostis stolonifera",NA,"Agrostis eliasii"
"Agrostis stolonifera",NA,"Agrostis filifolia"
"Agrostis stolonifera",NA,"Agrostis flava"
"Agrostis stolonifera",NA,"Agrostis glaucescens"
"Agrostis stolonifera",NA,"Agrostis jacutica"
"Agrostis stolonifera",NA,"Agrostis karsensis"
"Agrostis stolonifera",NA,"Agrostis macrantha"
"Agrostis stolonifera",NA,"Agrostis maritima"
"Agrostis stolonifera",NA,"Agrostis mutabilis"
"Agrostis stolonifera",NA,"Agrostis nemoralis"
"Agrostis stolonifera",NA,"Agrostis patula"
"Agrostis stolonifera",NA,"Agrostis prorepens"
"Agrostis stolonifera",NA,"Agrostis prostrata"
"Agrostis stolonifera",NA,"Agrostis pseudoalba"
"Agrostis stolonifera",NA,"Agrostis reptans"
"Agrostis stolonifera",NA,"Agrostis sibirica"
"Agrostis stolonifera",NA,"Agrostis sicula"
"Agrostis stolonifera",NA,"Agrostis sinaica"
"Agrostis stolonifera",NA,"Agrostis stolonizans"
"Agrostis stolonifera",NA,"Agrostis straminea"
"Agrostis stolonifera",NA,"Agrostis zerovii"
"Agrostis stolonifera",NA,"Apera palustris"
"Agrostis stolonifera",NA,"Decandolia stolonifera"
"Agrostis stolonifera",NA,"Milium maritimum"
"Agrostis stolonifera",NA,"Milium stoloniferum"
"Agrostis stolonifera",NA,"Sporobolus gaudichaudii"
"Agrostis stolonifera",NA,"Vilfa gaudichaudii"
"Agrostis stolonifera",NA,"Vilfa maritima"
"Agrostis stolonifera",NA,"Vilfa stolonifera"
"Agrostis stolonifera",NA,"Agrostis alba ssp. patula"
"Agrostis stolonifera",NA,"Agrostis alba ssp. stolonifera"
"Agrostis stolonifera",NA,"Agrostis alba ssp. stolonizans"
"Agrostis stolonifera",NA,"Agrostis stolonifera ssp. albida"
"Agrostis stolonifera",NA,"Agrostis stolonifera ssp. palustris"
"Agrostis stolonifera",NA,"Agrostis stolonifera ssp. stolonizans"
"Agrostis stolonifera",NA,"Agrostis stolonifera ssp. straminea"
"Agrostis stolonifera",NA,"Agrostis alba var. compacta"
"Agrostis stolonifera",NA,"Agrostis alba var. straminea"
"Agrostis stolonifera",NA,"Agrostis capillaris var. stolonifera"
"Agrostis stolonifera",NA,"Agrostis polymorpha var. stolonifera"
"Agrostis stolonifera",NA,"Agrostis stolonifera var. maritima"
"Agrostis stolonifera",NA,"Agrostis stolonifera var. prorepens"
"Agrostis stolonifera",NA,"Agrostis tenuis var. stolonifera"
"Agrostis stolonifera",NA,"Agrostis vulgaris var. stolonifera"
"Agrostis stolonifera",NA,"Agrostis vulgaris var. stolonifera"
"Agrostis stolonifera",NA,"Agrostis stolonifera f. aristigera"
"Agrostis stolonifera",NA,"Agrostis stolonifera f. patula"
"Alliaria petiolata",NA,"Alliaria aculeolata"
"Alliaria petiolata",NA,"Alliaria alliaria"
"Alliaria petiolata",NA,"Alliaria officinalis"
"Alliaria petiolata",NA,"Erysimum alliaria"
"Alliaria petiolata",NA,"Sisymbrium alliaria"
"Alnus glutinosa",NA,"Betula alnus var. glutinosa"
"Alnus glutinosa",NA,"Betula glutinosa"
"Alnus glutinosa",NA,"Alnus alnus"
"Anagallis arvensis",NA,"Anagallis arvensis ssp. arvensis"
"Anemone nemorosa",NA,"Anemone nemorosa var. nemorosa"
"Anemone nemorosa",NA,"Anemonidium nemorosum"
"Anemone ranunculoides",NA,"Anemonoides ranunculoides"
"Anthoxanthum odoratum",NA,"Anthoxanthum pilosum"
"Anthoxanthum odoratum",NA,"Anthoxanthum villosum"
"Anthoxanthum odoratum",NA,"Xanthonanthos odoratum"
"Anthoxanthum odoratum",NA,"Anthoxanthum odoratum var. altissimum"
"Anthriscus sylvestris",NA,"Chaerophyllum sylvestre"
"Apium nodiflorum",NA,"Ciclospermum nodiflorum"
"Apium nodiflorum",NA,"Cyclospermum nodiflorum"
"Arctium minus",NA,"Lappa minor"
"Arrhenatherum elatius",NA,"Arrhenatherum elatius var. biaristatum"
"Arrhenatherum elatius",NA,"Avena elatior"
"Arrhenatherum elatius",NA,"Arrhenatherum americanum"
"Arrhenatherum elatius",NA,"Arrhenatherum avenaceum"
"Arrhenatherum elatius",NA,"Arrhenatherum bulbosum"
"Arrhenatherum elatius",NA,"Arrhenatherum tuberosum"
"Arrhenatherum elatius",NA,"Avena avenaceum"
"Arrhenatherum elatius",NA,"Avena bulbosa"
"Arrhenatherum elatius",NA,"Avena elata"
"Arrhenatherum elatius",NA,"Avena tuberosa"
"Arrhenatherum elatius",NA,"Avenastrum elatius"
"Arrhenatherum elatius",NA,"Holcus avenaceus"
"Arrhenatherum elatius",NA,"Holcus bulbosus"
"Arrhenatherum elatius",NA,"Hordeum avenaceum"
"Asparagus officinalis",NA,"Asparagus officinalis ssp. officinalis"
"Asplenium adiantum-nigrum",NA,"Asplenium andrewsii"
"Atriplex patula",NA,"Atriplex patula ssp. patula"
"Atriplex patula",NA,"Atriplex patula var. bracteata"
"Atriplex patula",NA,"Atriplex patula var. japonica"
"Atriplex patula",NA,"Atriplex patula var. patula"
"Atriplex patula",NA,"Atriplex patula var. erecta"
"Avena sativa",NA,"Avena byzantina"
"Avena sativa",NA,"Avena fatua var. sativa"
"Avena sativa",NA,"Avena sativa var. orientalis"
"Avena sativa",NA,"Avena anglica"
"Avena sativa",NA,"Avena chinensis"
"Avena sativa",NA,"Avena chinensis"
"Avena sativa",NA,"Avena cinerea"
"Avena sativa",NA,"Avena distans"
"Avena sativa",NA,"Avena flava"
"Avena sativa",NA,"Avena fusca"
"Avena sativa",NA,"Avena fuscoflora"
"Avena sativa",NA,"Avena georgiana"
"Avena sativa",NA,"Avena georgica"
"Avena sativa",NA,"Avena grandis"
"Avena sativa",NA,"Avena heteromalla"
"Avena sativa",NA,"Avena hungarica"
"Avena sativa",NA,"Avena macrantha"
"Avena sativa",NA,"Avena macrantha"
"Avena sativa",NA,"Avena nigra"
"Avena sativa",NA,"Avena nodipilosa"
"Avena sativa",NA,"Avena orientalis"
"Avena sativa",NA,"Avena pendula"
"Avena sativa",NA,"Avena persarum"
"Avena sativa",NA,"Avena podolica"
"Avena sativa",NA,"Avena ponderosa"
"Avena sativa",NA,"Avena pseudosativa"
"Avena sativa",NA,"Avena pseudosativa"
"Avena sativa",NA,"Avena racemosa"
"Avena sativa",NA,"Avena rubra"
"Avena sativa",NA,"Avena shatilowiana"
"Avena sativa",NA,"Avena tartarica"
"Avena sativa",NA,"Avena thellungii"
"Avena sativa",NA,"Avena unilateralis"
"Avena sativa",NA,"Avena verna"
"Avena sativa",NA,"Avena volgensis"
"Avena sativa",NA,"Avena fatua ssp. cultiformis"
"Avena sativa",NA,"Avena fatua ssp. praegravis"
"Avena sativa",NA,"Avena fatua ssp. sativa"
"Avena sativa",NA,"Avena sativa ssp. contracta"
"Avena sativa",NA,"Avena sativa ssp. nodipilosa"
"Avena sativa",NA,"Avena byzantina var. thellungiana"
"Avena sativa",NA,"Avena fatua var. glaberrima"
"Avena sativa",NA,"Avena sativa var. chinensis"
"Avena sativa",NA,"Avena sativa var. contracta"
"Avena sativa",NA,"Avena sativa var. glaberrima"
"Avena sativa",NA,"Avena sativa var. glaberrima"
"Avena sativa",NA,"Avena sativa var. nigra"
"Avena sativa",NA,"Avena sativa var. secunda"
"Avena sativa",NA,"Avena sterilis var. thellungiana"
"Avena sativa",NA,"Avena fatua f. glaberrima"
"Avena sativa",NA,"Avena sativa f. contracta"
"Avena sativa",NA,"Avena sterilis f. pseudosativa"
"Bilderdykia convolvulus","Fallopia convolvulus","Polygonum convolvulus"
"Bilderdykia convolvulus","Fallopia convolvulus","Bilderdykia convolvulus"
"Bilderdykia convolvulus","Fallopia convolvulus","Reynoutria convolvulus"
"Bilderdykia convolvulus","Fallopia convolvulus","Tiniaria convolvulus"
"Bilderdykia convolvulus","Fallopia convolvulus","Polygonum convolvulus var. convolvulus"
"Bilderdykia convolvulus","Fallopia convolvulus","Polygonum convolvulus var. subulatum"
"Brachypodium phoenicoides",NA,"Bromus phoenicoides"
"Brachypodium phoenicoides",NA,"Festuca phoenicoides"
"Brachypodium phoenicoides",NA,"Poa phoenicoides"
"Brachypodium phoenicoides",NA,"Triticum phoenicoides"
"Brachypodium phoenicoides",NA,"Brachypodium pinnatum ssp. phoenicoides"
"Brachypodium phoenicoides",NA,"Brachypodium cespitosum var. phoenicoides"
"Brachypodium phoenicoides",NA,"Brachypodium pinnatum var. phoenicoides"
"Brachypodium phoenicoides",NA,"Brachypodium ramosum var. phoenicoides"
"Brachypodium rupestre",NA,"Brachypodium caespitosum"
"Brachypodium rupestre",NA,"Bromus rupestris"
"Brachypodium rupestre",NA,"Festuca rupestris"
"Brachypodium rupestre",NA,"Brachypodium pinnatum ssp. rupestre"
"Brachypodium rupestre",NA,"Brachypodium pinnatum var. rupestre"
"Brachypodium sylvaticum",NA,"Festuca sylvatica"
"Brachypodium sylvaticum",NA,"Agropyron sylvaticum"
"Brachypodium sylvaticum",NA,"Brachypodium miserum"
"Brachypodium sylvaticum",NA,"Brachypodium pubescens"
"Brachypodium sylvaticum",NA,"Brachypodium wattii"
"Brachypodium sylvaticum",NA,"Brevipodium sylvaticum"
"Brachypodium sylvaticum",NA,"Bromus dumosus"
"Brachypodium sylvaticum",NA,"Bromus sylvaticus"
"Brachypodium sylvaticum",NA,"Triticum sylvaticum"
"Brachypodium sylvaticum",NA,"Triticum sylvaticum"
"Brachypodium sylvaticum",NA,"Brachypodium sylvaticum ssp. dumosum"
"Brachypodium sylvaticum",NA,"Brachypodium sylvaticum ssp. pubescens"
"Brachypodium sylvaticum",NA,"Brachypodium gracile var. pubescens"
"Brachypodium sylvaticum",NA,"Brevipodium sylvaticum var. dumosum"
"Brachypodium sylvaticum",NA,"Brachypodium gracile f. pubescens"
"Briza media",NA,"Poa media"
"Bryonia dioica",NA,"Bryonia cretica ssp. dioica"
"Bromus ramosus",NA,"Bromopsis ramosa"
"Bromus ramosus",NA,"Bromus asper"
"Bromus sterilis",NA,"Anisantha sterilis"
"Bromus sterilis",NA,"Bromus grandiflorus"
"Bromus sterilis",NA,"Bromus jubatus"
"Bromus sterilis",NA,"Genea sterilis"
"Bromus sterilis",NA,"Schedonorus sterilis"
"Bromus sterilis",NA,"Zerna sterilis"
"Calamintha sylvatica","Clinopodium menthifolium","Calamintha sylvatica"
"Cardamine flexuosa",NA,"Cardamine debilis"
"Cardamine flexuosa",NA,"Cardamine konaensis"
"Cardamine flexuosa",NA,"Cardamine hirsuta ssp. flexuosa"
"Cardamine pratensis",NA,"Cardamine pratensis var. pratensis"
"Cardamine pratensis",NA,"Cardamine palustris"
"Cardamine pratensis",NA,"Cardamine pratensis var. palustris"
"Carex flacca",NA,"Carex glauca"
"Centaurea debeauxii",NA,"Centaurea debauxii"
"Centaurea scabiosa",NA,"Centaurea scabiosa var. vertesensis"
"Centaurium erythraea",NA,"Centaurium umbellatum"
"Centaurium erythraea",NA,"Centaurium minus"
"Centaurium erythraea",NA,"Erythraea centaurium"
"Chelidonium majus",NA,"Chlidonium majus"
"Chelidonium majus",NA,"Chelidonium majus var. laciniatum"
"Chelidonium majus",NA,"Chelidonium majus var. majus"
"Chelidonium majus",NA,"Chelidonium majus var. plenum"
"Chenopodium album",NA,"Chenopodium missouriense"
"Chenopodium album",NA,"Chenopodium acerifolium"
"Chenopodium album",NA,"Chenopodium lanceolatum"
"Chenopodium album",NA,"Chenopodium paganum"
"Chenopodium album",NA,"Chenopodium suecicum"
"Chenopodium album",NA,"Chenopodium album ssp. album"
"Chenopodium album",NA,"Chenopodium album ssp. dacoticum"
"Chenopodium album",NA,"Chenopodium album ssp. fallax"
"Chenopodium album",NA,"Chenopodium album var. candicans"
"Chenopodium album",NA,"Chenopodium album var. missouriense"
"Chenopodium album",NA,"Chenopodium album var. stevensii"
"Chenopodium album",NA,"Chenopodium album var. centrorubrum"
"Chenopodium album",NA,"Chenopodium album var. album"
"Chenopodium album",NA,"Chenopodium album var. lanceolatum"
"Chenopodium album",NA,"Chenopodium album var. polymorphum"
"Chenopodium album",NA,"Chenopodium missouriense var. bushianum"
"Circaea lutetiana",NA,"Circaea lutetiana"
"Cirsium arvense",NA,"Carduus arvensis"
"Cirsium arvense",NA,"Cirsium incanum"
"Cirsium arvense",NA,"Cirsium setosum"
"Cirsium arvense",NA,"Serratula arvensis"
"Cirsium arvense",NA,"Cirsium arvense var. argenteum"
"Cirsium arvense",NA,"Cirsium arvense var. horridum"
"Cirsium arvense",NA,"Cirsium arvense var. integrifolium"
"Cirsium arvense",NA,"Cirsium arvense var. mite"
"Cirsium arvense",NA,"Cirsium arvense var. vestitum"
"Cirsium arvense",NA,"Breea arvensis"
"Cirsium arvense",NA,"Breea incana"
"Cirsium vulgare",NA,"Carduus lanceolatus"
"Cirsium vulgare",NA,"Carduus vulgaris"
"Cirsium vulgare",NA,"Cirsium lanceolatum"
"Cirsium vulgare",NA,"Cirsium lanceolatum var. hypoleucum"
"Clinopodium vulgare",NA,"Satureja vulgaris"
"Clinopodium vulgare",NA,"Calamintha vulgaris"
"Clinopodium vulgare",NA,"Clinopodium vulgare var. neogaea"
"Clinopodium vulgare",NA,"Satureja vulgaris var. diminuta"
"Clinopodium vulgare",NA,"Satureja vulgaris var. neogaea"
"Cornus sanguinea",NA,"Swida sanguinea"
"Cornus sanguinea",NA,"Cornus sanguinea ssp. australis"
"Cornus sanguinea",NA,"Cornus sanguinea var. viridissima"
"Coronilla emerus","Hippocrepis emerus","Coronilla emerus"
"Coronilla emerus","Hippocrepis emerus","Coronilla emeroides"
"Coronilla emerus","Hippocrepis emerus","Hippocrepis emerus ssp. emeroides"
"Corylus avellana",NA,"Corylus maxima"
"Crataegus laevigata",NA,"Mespilus laevigata"
"Crataegus laevigata",NA,"Crataegus oxyacanthoides"
"Crataegus monogyna",NA,"Crataegus oxyacantha"
"Crataegus monogyna",NA,"Crataegus curvisepala"
"Crataegus monogyna",NA,"Crataegus oxyacantha var. paulii"
"Crepis vesicaria",NA,"Crepis vesicaria var. vesicaris"
"Crepis vesicaria",NA,"Crepis vesicaria var. taraxicifolia"
"Crepis vesicaria",NA,"Crepis vesicaria ssp. taraxacifolia"
"Crepis vesicaria",NA,"Crepis vesicaria ssp. haenseleri"
"Crepis vesicaria",NA,"Crepis vesicaria var. taraxacifolia"
"Crepis vesicaria",NA,"Crepis vesicaria ssp. vesicaria"
"Cruciata laevipes",NA,"Galium laevipes"
"Cruciata laevipes",NA,"Galium cruciata"
"Dactylis glomerata",NA,"Dactylus glomerata"
"Dactylis glomerata",NA,"Dactylis glomerata var. vivipara"
"Dactylis glomerata",NA,"Bromus glomeratus"
"Dactylis glomerata",NA,"Festuca glomerata"
"Dactylis glomerata",NA,"Festuca glomerata"
"Dactylis glomerata",NA,"Limnetis glomerata"
"Dactylis glomerata",NA,"Phalaris glomerata"
"Dactylis glomerata",NA,"Trachypoa vulgaris"
"Daucus carota",NA,"Daucus carota ssp. carota"
"Daucus carota",NA,"Daucus carota ssp. sativus"
"Deschampsia cespitosa",NA,"Deschampsia caespitosa"
"Deschampsia cespitosa",NA,"Aira cespitosa"
"Deschampsia cespitosa",NA,"Deschampsia cespitosa ssp. genuina"
"Deschampsia cespitosa",NA,"Aira caespitosa"
"Deschampsia cespitosa",NA,"Deschampsia caespitosa ssp. genuina"
"Deschampsia cespitosa",NA,"Agrostis caespitosa"
"Deschampsia cespitosa",NA,"Aira alpicola"
"Deschampsia cespitosa",NA,"Aira ambigua"
"Deschampsia cespitosa",NA,"Aira aristulata"
"Deschampsia cespitosa",NA,"Avena caespitosa"
"Deschampsia cespitosa",NA,"Campella caespitosa"
"Deschampsia cespitosa",NA,"Deschampsia alpicola"
"Deschampsia cespitosa",NA,"Deschampsia ambigua"
"Deschampsia cespitosa",NA,"Deschampsia andina"
"Deschampsia cespitosa",NA,"Deschampsia biebersteiniana"
"Deschampsia cespitosa",NA,"Deschampsia confinis"
"Deschampsia cespitosa",NA,"Deschampsia pungens"
"Deschampsia cespitosa",NA,"Podionapus caespitosus"
"Deschampsia cespitosa",NA,"Deschampsia cespitosa var. confinis"
"Deschampsia cespitosa",NA,"Deschampsia cespitosa var. strictior"
"Dryopteris dilatata","Dryopteris expansa","Dryopteris dilatata"
"Dryopteris dilatata","Dryopteris expansa","Dryopteris assimilis"
"Dryopteris dilatata","Dryopteris expansa","Dryopteris dilatata ssp. americana"
"Dryopteris dilatata","Dryopteris expansa","Dryopteris spinulosa var. dilatata"
"Elymus caninus",NA,"Agropyron caninum"
"Elymus caninus",NA,"Triticum caninum"
"Elymus caninus",NA,"Agriopyrum caninum"
"Elymus caninus",NA,"Brachypodium caninum"
"Elymus caninus",NA,"Elytrigia canina"
"Elymus caninus",NA,"Roegneria canina"
"Elymus caninus",NA,"Zeia canina"
"Elymus repens",NA,"Agropyron repens"
"Elymus repens",NA,"Elytrigia repens"
"Elymus repens",NA,"Agropyron vaillantianum"
"Elymus repens",NA,"Elytrigia vaillantiana"
"Elymus repens",NA,"Triticum repens"
"Elymus repens",NA,"Triticum vaillantianum"
"Elymus repens",NA,"Elytrigia repens var. repens"
"Elymus repens",NA,"Elytrigia repens var. vaillantiana"
"Elymus repens",NA,"Agropyron repens var. subulatum"
"Elymus repens",NA,"Elymus hoffmannii"
"Elymus repens",NA,"Agropyron sachalinense"
"Elymus repens",NA,"Agropyron subulatum"
"Elymus repens",NA,"Braconotia officinarum"
"Elymus repens",NA,"Elymus neogaeus"
"Elymus repens",NA,"Elymus vaillantianus"
"Elymus repens",NA,"Elytrigia repens"
"Elymus repens",NA,"Elytrigia vaillantianum"
"Elymus repens",NA,"Triticum infestum"
"Elymus repens",NA,"Triticum subulatum"
"Elymus repens",NA,"Zeia repens"
"Elymus repens",NA,"Elytrigia repens ssp. caesia"
"Elymus repens",NA,"Trisetum repens ssp. magellanicum"
"Elymus repens",NA,"Agropyron junceum var. repens"
"Elymus repens",NA,"Agropyron repens var. aristatum"
"Elymus repens",NA,"Agropyron repens var. nemorale"
"Elymus repens",NA,"Agropyron repens var. pilosum"
"Elymus repens",NA,"Agropyron repens var. pubescens"
"Elymus repens",NA,"Agropyron repens var. repens"
"Elymus repens",NA,"Agropyron repens var. subulatum"
"Elymus repens",NA,"Agropyron repens var. vaillantianum"
"Elymus repens",NA,"Agropyron repens var. vulgare"
"Elymus repens",NA,"Elymus repens var. aristatus"
"Elymus repens",NA,"Elytrigia repens var. aristata"
"Elymus repens",NA,"Elytrigia repens var. caesium"
"Elymus repens",NA,"Elytrigia repens var. glauca"
"Elymus repens",NA,"Elytrigia repens var. pubescens"
"Elymus repens",NA,"Elytrigia repens var. subulatum"
"Elymus repens",NA,"Elytrigia repens var. vaillantianum"
"Elymus repens",NA,"Triticum repens var. aristatum"
"Elymus repens",NA,"Triticum repens var. aristatum"
"Elymus repens",NA,"Triticum repens var. caesium"
"Elymus repens",NA,"Triticum repens var. subulatum"
"Elymus repens",NA,"Triticum repens var. vulgare"
"Elymus repens",NA,"Agropyron repens subvar. pubescens"
"Elymus repens",NA,"Agropyron repens f. aristatum"
"Elymus repens",NA,"Agropyron repens f. geniculatum"
"Elymus repens",NA,"Agropyron repens f. heberhachis"
"Elymus repens",NA,"Agropyron repens f. pilosum"
"Elymus repens",NA,"Agropyron repens f. repens"
"Elymus repens",NA,"Agropyron repens f. setiferum"
"Elymus repens",NA,"Agropyron repens f. stoloniferum"
"Elymus repens",NA,"Agropyron repens f. trichorrhachis"
"Elymus repens",NA,"Agropyron repens f. vaillantianum"
"Elymus repens",NA,"Triticum repens f. pubescens"
"Epipactis helleborine",NA,"Epipactis latifolia"
"Epipactis helleborine",NA,"Serapias helleborine"
"Equisetum arvense",NA,"Equisetum calderi"
"Equisetum arvense",NA,"Equisetum arvense var. alpestre"
"Equisetum arvense",NA,"Equisetum arvense var. boreale"
"Equisetum arvense",NA,"Equisetum arvense var. campestre"
"Equisetum arvense",NA,"Equisetum arvense var. riparium"
"Euonymus europaeus",NA,"Euonymus europaea"
"Euonymus europaeus",NA,"Euonymus vulgaris"
"Euonymus europaeus",NA,"Euonymus europaeus f. atrorubens"
"Euphorbia amygdaloides",NA,"Esula amygdaloides"
"Euphorbia amygdaloides",NA,"Characias amygdaloides"
"Euphorbia amygdaloides",NA,"Tithymalus amygdaloides"
"Euphorbia dulcis",NA,"Euphorbia purpurata"
"Euphorbia dulcis",NA,"Euphorbia viridiflora"
"Euphorbia dulcis",NA,"Euphorbia patens"
"Euphorbia dulcis",NA,"Galarhoeus dulcis"
"Euphorbia dulcis",NA,"Euphorbia solisequa"
"Euphorbia dulcis",NA,"Euphorbia deseglisei"
"Euphorbia dulcis",NA,"Euphorbia cordata"
"Euphorbia dulcis",NA,"Euphorbia fallax"
"Euphorbia dulcis",NA,"Euphorbia alpigena"
"Euphorbia dulcis",NA,"Euphorbia lanuginosa"
"Euphorbia dulcis",NA,"Euphorbia incompta"
"Euphorbia dulcis",NA,"Euphorbia hiberna"
"Euphorbia dulcis",NA,"Tithymalus alpigena"
"Euphorbia dulcis",NA,"Tithymalus deseglisei"
"Euphorbia dulcis",NA,"Tithymalus dulcis"
"Euphorbia dulcis",NA,"Pythius dulcis"
"Euphorbia dulcis",NA,"Euphorbia angulata ssp. deseglisei"
"Euphorbia dulcis",NA,"Tithymalus dulcis ssp. purpuratus"
"Euphorbia dulcis",NA,"Euphorbia dulcis ssp. incompta"
"Euphorbia dulcis",NA,"Tithymalus dulcis ssp. incomptus"
"Euphorbia dulcis",NA,"Tithymalus dulcis ssp. ellipticus"
"Euphorbia dulcis",NA,"Euphorbia purpurata var. elliptica"
"Euphorbia dulcis",NA,"Euphorbia dulcis var. lanuginosa"
"Euphorbia dulcis",NA,"Euphorbia dulcis var. viridiflora"
"Euphorbia dulcis",NA,"Euphorbia dulcis var. incompta"
"Euphorbia dulcis",NA,"Euphorbia dulcis var. chloradenia"
"Euphorbia dulcis",NA,"Euphorbia dulcis var. alpigena"
"Euphorbia dulcis",NA,"Euphorbia dulcis f. lanuginosa"
"Euphorbia peplus",NA,"Galarhoeus peplus"
"Euphorbia peplus",NA,"Tithymalus peplus"
"Euphorbia peplus",NA,"Euphorbia moehringioides"
"Euphorbia peplus",NA,"Galarhoeus peplus"
"Euphorbia peplus",NA,"Keraselma peplus"
"Euphorbia peplus",NA,"Euphorbion peplum"
"Euphorbia peplus",NA,"Esula peplus"
"Fagus sylvatica",NA,"Fagus sylvatica var. atropunicea"
"Festuca arundinacea","Schedonorus arundinaceus","Festuca arundinacea"
"Festuca arundinacea","Schedonorus arundinaceus","Lolium arundinaceum"
"Festuca arundinacea","Schedonorus arundinaceus","Poa remota"
"Festuca arundinacea","Schedonorus arundinaceus","Festuca elatior"
"Festuca arundinacea","Schedonorus arundinaceus","Festuca elatior ssp. arundinacea"
"Festuca arundinacea","Schedonorus arundinaceus","Festuca elatior var. arundinacea"
"Festuca arundinacea","Schedonorus arundinaceus","Avena secunda"
"Festuca arundinacea","Schedonorus arundinaceus","Bromus arundinaceus"
"Festuca arundinacea","Schedonorus arundinaceus","Bromus elatior"
"Festuca arundinacea","Schedonorus arundinaceus","Bucetum elatius"
"Festuca arundinacea","Schedonorus arundinaceus","Festuca fenas"
"Festuca arundinacea","Schedonorus arundinaceus","Festuca mediterranea"
"Festuca arundinacea","Schedonorus arundinaceus","Festuca orientalis"
"Festuca arundinacea","Schedonorus arundinaceus","Festuca phoenix"
"Festuca arundinacea","Schedonorus arundinaceus","Gnomonia elatior"
"Festuca arundinacea","Schedonorus arundinaceus","Poa elatior"
"Festuca arundinacea","Schedonorus arundinaceus","Poa kunthii"
"Festuca arundinacea","Schedonorus arundinaceus","Poa phoenix"
"Festuca arundinacea","Schedonorus arundinaceus","Poa uliginosa"
"Festuca arundinacea","Schedonorus arundinaceus","Schedonorus elatior"
"Festuca arundinacea","Schedonorus arundinaceus","Schedonorus phoenix"
"Festuca arundinacea","Schedonorus arundinaceus","Tragus elatior"
"Festuca arundinacea","Schedonorus arundinaceus","Festuca elatior ssp. arundinacea"
"Festuca arundinacea","Schedonorus arundinaceus","Festuca elatior f. elatior"
"Festuca gigantea","Schedonorus giganteus","Festuca gigantea"
"Festuca gigantea","Schedonorus giganteus","Lolium giganteum"
"Festuca gigantea","Schedonorus giganteus","Bromus giganteus"
"Festuca gigantea","Schedonorus giganteus","Avena gigantea"
"Festuca gigantea","Schedonorus giganteus","Bucetum giganteum"
"Festuca gigantea","Schedonorus giganteus","Festuca bonassorum"
"Festuca gigantea","Schedonorus giganteus","Festuca pseudogigantea"
"Festuca gigantea","Schedonorus giganteus","Forasaccus giganteus"
"Festuca gigantea","Schedonorus giganteus","Schedonorus giganteus"
"Festuca gigantea","Schedonorus giganteus","Schedonorus giganteus"
"Festuca gigantea","Schedonorus giganteus","Zerna gigantea"
"Festuca heterophylla",NA,"Festuca rubra var. heterophylla"
"Festuca heterophylla",NA,"Festuca rubra ssp. heterophylla"
"Filipendula ulmaria",NA,"Filipendula denudata"
"Filipendula ulmaria",NA,"Spiraea ulmaria"
"Filipendula ulmaria",NA,"Filipendula ulmaria ssp. denudata"
"Filipendula ulmaria",NA,"Filipendula ulmaria ssp. ulmaria"
"Filipendula ulmaria",NA,"Filipendula ulmaria var. denudata"
"Filipendula ulmaria",NA,"Thecanisia ulmaria"
"Filipendula ulmaria",NA,"Spiraea denudata"
"Filipendula ulmaria",NA,"Thecanisia discolor"
"Filipendula ulmaria",NA,"Filipendula denudata"
"Frangula alnus","Rhamnus frangula","Frangula alnus"
"Frangula alnus","Rhamnus frangula","Rhamnus frangula var. angustifolia"
"Galeopsis angustifolia",NA,"Galeopsis ladanum var. angustifolia"
"Galium aparine",NA,"Galium spurium"
"Galium aparine",NA,"Galium vaillantii"
"Galium aparine",NA,"Galium aparine ssp. spurium"
"Galium aparine",NA,"Galium agreste var. echinospermum"
"Galium aparine",NA,"Galium aparine var. echinospermum"
"Galium aparine",NA,"Galium aparine var. intermedium"
"Galium aparine",NA,"Galium aparine var. minor"
"Galium aparine",NA,"Galium aparine var. vaillantii"
"Galium aparine",NA,"Galium spurium var. echinospermum"
"Galium aparine",NA,"Galium spurium var. vaillantii"
"Galium aparine",NA,"Galium spurium var. vaillantii"
"Galium odoratum",NA,"Asperula odorata"
"Genista tinctoria",NA,"Genista multibracteata"
"Genista tinctoria",NA,"Genista patula"
"Geranium lucidum",NA,"Geranium lucidium"
"Glechoma hederacea",NA,"Glecoma hederacea"
"Glechoma hederacea",NA,"Nepeta hederacea"
"Glechoma hederacea",NA,"Glechoma hederacea var. hederacea"
"Glechoma hederacea",NA,"Glechoma hederacea var. micrantha"
"Glechoma hederacea",NA,"Glechoma hederacea var. parviflora"
"Hedera hibernica",NA,"Hedera helix var. hibernica"
"Helianthus tuberosus",NA,"Helianthus tomentosus"
"Helianthus tuberosus",NA,"Helianthus tuberosus var. subcanescens"
"Hepatica nobilis","Anemone americana","Hepatica nobilis"
"Hepatica nobilis","Anemone americana","Anemone hepatica"
"Hepatica nobilis","Anemone americana","Hepatica americana"
"Hepatica nobilis","Anemone americana","Hepatica hepatica"
"Hepatica nobilis","Anemone americana","Hepatica nobilis var. obtusa"
"Hepatica nobilis","Anemone americana","Hepatica triloba var. americana"
"Hesperis matronalis",NA,"Hesperis matronalis ssp. voronovii"
"Hesperis matronalis",NA,"Hesperis matronalis ssp. candida"
"Hieracium murorum",NA,"Hieracium hyparcticum"
"Hieracium murorum",NA,"Hieracium lividorubens"
"Hieracium murorum",NA,"Hieracium stelechodes"
"Hieracium murorum",NA,"Hieracium lividorubens var. lividorubens"
"Hieracium murorum",NA,"Hieracium lividorubens var. pseudostylum"
"Hieracium murorum",NA,"Hieracium lividorubens var. subnudulum"
"Holcus lanatus",NA,"Nothoholcus lanatus"
"Holcus lanatus",NA,"Aira holcus-lanata"
"Holcus lanatus",NA,"Aira holcus-lanatus"
"Holcus lanatus",NA,"Avena lanata"
"Holcus lanatus",NA,"Avena lanata"
"Holcus lanatus",NA,"Avena pallida"
"Holcus lanatus",NA,"Ginannia lanata"
"Holcus lanatus",NA,"Ginannia pubescens"
"Holcus lanatus",NA,"Notholcus lanatus"
"Holcus mollis",NA,"Aira holcus-mollis"
"Holcus mollis",NA,"Aira mollis"
"Holcus mollis",NA,"Avena mollis"
"Holcus mollis",NA,"Avena sylvatica"
"Holcus mollis",NA,"Ginannia mollis"
"Holcus mollis",NA,"Notholcus mollis"
"Iris foetidissima",NA,"Iris foetida"
"Knautia arvensis",NA,"Scabiosa arvensis"
"Lactuca muralis","Mycelis muralis","Lactuca muralis"
"Lamium galeobdolon",NA,"Lamiastrum galeobdolon"
"Lamium maculatum",NA,"Lamium album var. maculatum"
"Lathyrus linifolius",NA,"Lathyrus montanus"
"Lolium perenne",NA,"Lolium perenne ssp. perenne"
"Lolium perenne",NA,"Lolium multiflorum var. ramosum"
"Lolium perenne",NA,"Lolium perenne var. cristatum"
"Lolium perenne",NA,"Lolium brasilianum"
"Lolium perenne",NA,"Lolium canadense"
"Lolium perenne",NA,"Lolium latum"
"Lolium perenne",NA,"Lolium marschallii"
"Lolium perenne",NA,"Lolium montevidense"
"Lolium perenne",NA,"Lolium tenue"
"Lolium perenne",NA,"Festuca perrenis"
"Lolium perenne",NA,"Lolium multiflorum ssp. ramosum"
"Lolium perenne",NA,"Lolium perenne var. brasilianum"
"Lolium perenne",NA,"Lolium perenne var. compressum"
"Lolium perenne",NA,"Lolium perenne var. pacyi"
"Lolium perenne",NA,"Lolium perenne var. perenne"
"Lolium perenne",NA,"Lolium perenne var. tenue"
"Lycopus europaeus",NA,"Lycopus europaeus ssp. mollis"
"Lycopus europaeus",NA,"Lycopus europaeus var. mollis"
"Lythrum salicaria",NA,"Lythrum salicaria var. gracilior"
"Lythrum salicaria",NA,"Lythrum salicaria var. tomentosum"
"Lythrum salicaria",NA,"Lythrum salicaria var. vulgare"
"Malus sylvestris",NA,"Pyrus malus var. sylvestris"
"Medicago lupulina",NA,"Medicago lupulina var. cupaniana"
"Medicago lupulina",NA,"Medicago lupulina var. glandulosa"
"Medicago lupulina",NA,"Medicago lupulina var. willdenowii"
"Melilotus albus",NA,"Melilotus alba"
"Melilotus albus",NA,"Melilotus albus var. annuus"
"Melilotus albus",NA,"Melilotus leucanthus"
"Mentha aquatica",NA,"Mentha citrata"
"Mentha aquatica",NA,"Mentha piperita ssp. citrata"
"Mentha aquatica",NA,"Mentha X piperita var. citrata"
"Mentha aquatica",NA,"Mentha X piperi var. citrata"
"Mentha longifolia","Mentha spicata","Mentha longifolia"
"Mentha longifolia","Mentha spicata","Mentha cordifolia"
"Mentha longifolia","Mentha spicata","Mentha viridis"
"Mentha longifolia","Mentha spicata","Mentha sylvestris"
"Mentha longifolia","Mentha spicata","Mentha longifolia var. mollissima"
"Mentha longifolia","Mentha spicata","Mentha longifolia var. undulata"
"Mentha longifolia","Mentha spicata","Mentha spicata var. longifolia"
"Mentha longifolia","Mentha spicata","Mentha spicata var. spicata"
"Mentha suaveolens",NA,"Mentha rotundifolia"
"Milium effusum",NA,"Agrostis effusa"
"Milium effusum",NA,"Decandolia effusa"
"Milium effusum",NA,"Melica effusa"
"Milium effusum",NA,"Miliarium effusum"
"Milium effusum",NA,"Milium confertum"
"Milium effusum",NA,"Milium schmidtianum"
"Milium effusum",NA,"Milium transsilvanicum"
"Milium effusum",NA,"Paspalum effusum"
"Milium effusum",NA,"Milium effusum ssp. alpicola"
"Milium effusum",NA,"Milium effusum ssp. confertum"
"Milium effusum",NA,"Milium effusum var. elatius"
"Milium effusum",NA,"Milium effusum var. latifrons"
"Milium effusum",NA,"Milium effusum var. subacaule"
"Milium effusum",NA,"Milium effusum var. variegatum"
"Oxalis acetosella","Oxalis montana","Oxalis acetosella"
"Oxalis acetosella","Oxalis montana","Oxalis acetosella ssp. montana"
"Oxalis acetosella","Oxalis montana","Oxalis acetosella var. rhodantha"
"Panicum miliaceum",NA,"Leptoloma miliacea"
"Panicum miliaceum",NA,"Milium esculentum"
"Panicum miliaceum",NA,"Milium paniceum"
"Panicum miliaceum",NA,"Panicum miliaceum var. miliaceum"
"Phalaris arundinacea",NA,"Phalaroides arundinacea"
"Phalaris arundinacea",NA,"Arundo colorata"
"Phalaris arundinacea",NA,"Arundo riparia"
"Phalaris arundinacea",NA,"Baldingera arundinacea"
"Phalaris arundinacea",NA,"Baldingera colorata"
"Phalaris arundinacea",NA,"Calamagrostis colorata"
"Phalaris arundinacea",NA,"Calamagrostis variegata"
"Phalaris arundinacea",NA,"Digraphis americana"
"Phalaris arundinacea",NA,"Digraphis arundinacea"
"Phalaris arundinacea",NA,"Endallex arundinacea"
"Phalaris arundinacea",NA,"Endallex arundinaceae"
"Phalaris arundinacea",NA,"Phalaridantha arundinacea"
"Phalaris arundinacea",NA,"Typhoides arundinacea"
"Phalaris arundinacea",NA,"Phalaris arundinacea ssp. typica"
"Phalaris arundinacea",NA,"Phalaris arundinacea var. colorata"
"Phalaris arundinacea",NA,"Phalaris arundinacea var. genuina"
"Phalaris arundinacea",NA,"Phalaris arundinacea f. coarctata"
"Phalaris arundinacea",NA,"Phalaris arundinacea f. minor"
"Phalaris arundinacea",NA,"Phalaris arundinacea f. pallens"
"Phalaris arundinacea",NA,"Phalaris arundinacea f. pallida"
"Phalaris arundinacea",NA,"Phalaris arundinacea f. ramifera"
"Phalaris arundinacea",NA,"Phalaris arundinacea f. ramosa"
"Phleum pratense",NA,"Plantinia pratensis"
"Phleum pratense",NA,"Stelephuros pratensis"
"Phleum pratense",NA,"Phleum nodosum var. pratense"
"Phleum pratense",NA,"Phleum pratense f. bracteatum"
"Phragmites australis",NA,"Phragmites communis"
"Phragmites australis",NA,"Phragmites phragmites"
"Phragmites australis",NA,"Arundo altissima"
"Phragmites australis",NA,"Arundo australis"
"Phragmites australis",NA,"Arundo graeca"
"Phragmites australis",NA,"Arundo isiaca"
"Phragmites australis",NA,"Arundo maxima"
"Phragmites australis",NA,"Arundo occidentalis"
"Phragmites australis",NA,"Arundo palustris"
"Phragmites australis",NA,"Arundo phragmites"
"Phragmites australis",NA,"Arundo vulgaris"
"Phragmites australis",NA,"Cynodon phragmites"
"Phragmites australis",NA,"Oxyanthe phragmites"
"Phragmites australis",NA,"Phragmites altissimus"
"Phragmites australis",NA,"Phragmites capensis"
"Phragmites australis",NA,"Phragmites caudatus"
"Phragmites australis",NA,"Phragmites chilensis"
"Phragmites australis",NA,"Phragmites dioicus"
"Phragmites australis",NA,"Phragmites dioicus"
"Phragmites australis",NA,"Phragmites fissifolius"
"Phragmites australis",NA,"Phragmites hispanicus"
"Phragmites australis",NA,"Phragmites isiacus"
"Phragmites australis",NA,"Phragmites martinicensis"
"Phragmites australis",NA,"Phragmites mauritianus"
"Phragmites australis",NA,"Phragmites maximus"
"Phragmites australis",NA,"Phragmites occidentalis"
"Phragmites australis",NA,"Phragmites phragmites"
"Phragmites australis",NA,"Phragmites vulgaris"
"Phragmites australis",NA,"Phragmites vulgaris"
"Phragmites australis",NA,"Reimaria diffusa"
"Phragmites australis",NA,"Trichoon phragmites"
"Phragmites australis",NA,"Phragmites australis ssp. maximus"
"Phragmites australis",NA,"Phragmites communis ssp. maximus"
"Phragmites australis",NA,"Phragmites vulgaris ssp. maximus"
"Phragmites australis",NA,"Phragmites communis var. flavescens"
"Phragmites australis",NA,"Phragmites communis var. genuinus"
"Phragmites australis",NA,"Phragmites communis var. hispanicus"
"Phragmites australis",NA,"Phragmites communis var. isiacus"
"Phragmites australis",NA,"Phragmites communis var. mauritianus"
"Phragmites australis",NA,"Phragmites communis var. variegatus"
"Phragmites australis",NA,"Phragmites maximus var. variegatus"
"Phragmites australis",NA,"Phragmites vulgaris var. mauritianus"
"Phyllitis scolopendrium","Asplenium scolopendrium var. scolopendrium","Phyllitis scolopendrium"
"Phyllitis scolopendrium","Asplenium scolopendrium var. scolopendrium","Phyllitis scolopendrium var. scolopendrium"
"Picea abies",NA,"Picea excelsa"
"Picris hieracioides",NA,"Picris kamtschatica"
"Picris hieracioides",NA,"Picris hieracioides ssp. hieracioides"
"Picris hieracioides",NA,"Picris hieracioides ssp. kamtschatica"
"Picris hieracioides",NA,"Picris hieracioides ssp. hieracioides var. alpina"
"Picris hieracioides",NA,"Picris hieracioides ssp. hieracioides var. hieracioides"
"Picris hieracioides",NA,"Picris hieracioides var. alpina"
"Pimpinella major",NA,"Pimpinella magna"
"Pimpinella major",NA,"Pimpinella saxifraga var. major"
"Plantago lanceolata",NA,"Plantago altissima"
"Plantago lanceolata",NA,"Plantago lanceolata var. sphaerostachya"
"Plantago major",NA,"Plantago asiatica"
"Plantago major",NA,"Plantago halophila"
"Plantago major",NA,"Plantago major ssp. intermedia"
"Plantago major",NA,"Plantago major var. intermedia"
"Plantago major",NA,"Plantago major var. major"
"Plantago major",NA,"Plantago major var. pachyphylla"
"Plantago major",NA,"Plantago major var. pilgeri"
"Plantago major",NA,"Plantago major var. asiatica"
"Plantago major",NA,"Plantago major var. scopulorum"
"Poa angustifolia","Poa pratensis ssp. angustifolia","Poa angustifolia"
"Poa angustifolia","Poa pratensis ssp. angustifolia","Poa pratensis var. angustifolia"
"Poa angustifolia","Poa pratensis ssp. angustifolia","Poa angustifolia"
"Poa angustifolia","Poa pratensis ssp. angustifolia","Poa setacea"
"Poa angustifolia","Poa pratensis ssp. angustifolia","Poa strigosa"
"Poa angustifolia","Poa pratensis ssp. angustifolia","Poa viridula"
"Poa angustifolia","Poa pratensis ssp. angustifolia","Poa pratensis ssp. angustifolia"
"Poa angustifolia","Poa pratensis ssp. angustifolia","Poa pratensis ssp. angustifolia"
"Poa angustifolia","Poa pratensis ssp. angustifolia","Poa pratensis ssp. angustifolia"
"Poa angustifolia","Poa pratensis ssp. angustifolia","Poa pratensis ssp. strigosa"
"Poa angustifolia","Poa pratensis ssp. angustifolia","Poa pratensis var. strigosa"
"Poa annua",NA,"Poa annua var. aquatica"
"Poa annua",NA,"Poa annua var. reptans"
"Poa annua",NA,"Aira pumila"
"Poa annua",NA,"Catabrosa pumila"
"Poa annua",NA,"Ochlopoa annua"
"Poa annua",NA,"Poa aestivalis"
"Poa annua",NA,"Poa algida"
"Poa annua",NA,"Poa annua var. annua"
"Poa annua",NA,"Poa annua var. eriolepis"
"Poa annua",NA,"Poa annua var. rigidiuscula"
"Poa annua",NA,"Poa annua f. reptans"
"Poa nemoralis",NA,"Agrostis alba"
"Poa nemoralis",NA,"Agrostis alba var. alba"
"Poa nemoralis",NA,"Agrestis alba"
"Poa nemoralis",NA,"Decandolia alba"
"Poa nemoralis",NA,"Paneion nemorale"
"Poa nemoralis",NA,"Poa asperula"
"Poa nemoralis",NA,"Poa kamtschatica"
"Poa nemoralis",NA,"Vilfa alba"
"Poa nemoralis",NA,"Agrostis stolonifera var. alba"
"Poa nemoralis",NA,"Agrostis stolonifera var. alba"
"Poa nemoralis",NA,"Agrostis vulgaris var. alba"
"Poa nemoralis",NA,"Poa pratensis var. fagetorum"
"Poa nemoralis",NA,"Agrostis alba f. alba"
"Poa nemoralis",NA,"Agrostis stolonifera f. alba"
"Poa pratensis",NA,"Poa attica"
"Poa pratensis",NA,"Poa bourgeaei"
"Poa pratensis",NA,"Poa bourgeaei"
"Poa pratensis",NA,"Poa costata"
"Poa pratensis",NA,"Poa intermedia"
"Poa pratensis",NA,"Poa macounii"
"Poa pratensis",NA,"Poa magensiana"
"Poa pratensis",NA,"Poa oligeria"
"Poa pratensis",NA,"Poa urjanchaica"
"Poa pratensis",NA,"Poa viridis"
"Poa pratensis",NA,"Poa angustifolia ssp. costata"
"Poa pratensis",NA,"Poa pratensis ssp. attica"
"Poa pratensis",NA,"Poa pratensis var. attica"
"Poa pratensis",NA,"Poa pratensis var. costata"
"Poa pratensis",NA,"Poa pratensis var. laxiflora"
"Poa pratensis",NA,"Poa pratensis var. macounii"
"Poa pratensis",NA,"Poa pratensis var. stricta"
"Poa pratensis",NA,"Poa pratensis var. subglabriflora"
"Poa pratensis",NA,"Poa pratensis var. urjanchaica"
"Poa trivialis",NA,"Poa ariguensis"
"Poa trivialis",NA,"Poa callida"
"Poa trivialis",NA,"Poa maullinica"
"Poa trivialis",NA,"Poa modesta"
"Poa trivialis",NA,"Poa pichinchensis"
"Poa trivialis",NA,"Poa stolonifera"
"Poa trivialis",NA,"Poa trachyphylla"
"Poa trivialis",NA,"Poa trachyphylla"
"Poa trivialis",NA,"Poa woronowii"
"Poa trivialis",NA,"Poa trivialis var. filiculmis"
"Poa trivialis",NA,"Poa trivialis var. woronowii"
"Polygonum arenastrum","Polygonum aviculare ssp. depressum","Polygonum arenastrum"
"Polygonum arenastrum","Polygonum aviculare ssp. depressum","Polygonum montereyense"
"Polygonum arenastrum","Polygonum aviculare ssp. depressum","Polygonum aequale"
"Polygonum arenastrum","Polygonum aviculare ssp. depressum","Polygonum microspermum"
"Polygonum arenastrum","Polygonum aviculare ssp. depressum","Polygonum aviculare var. arenastrum"
"Polygonum lapathifolium","Persicaria lapathifolia","Polygonum lapathifolium"
"Polygonum lapathifolium","Persicaria lapathifolia","Persicaria incarnata"
"Polygonum lapathifolium","Persicaria lapathifolia","Persicaria tomentosa"
"Polygonum lapathifolium","Persicaria lapathifolia","Polygonum incanum"
"Polygonum lapathifolium","Persicaria lapathifolia","Polygonum incarnatum"
"Polygonum lapathifolium","Persicaria lapathifolia","Polygonum oneillii"
"Polygonum lapathifolium","Persicaria lapathifolia","Polygonum scabrum"
"Polygonum lapathifolium","Persicaria lapathifolia","Polygonum tomentosum"
"Polygonum lapathifolium","Persicaria lapathifolia","Polygonum lapathifolium ssp. pallidum"
"Polygonum lapathifolium","Persicaria lapathifolia","Polygonum pensylvanicum ssp. oneillii"
"Polygonum lapathifolium","Persicaria lapathifolia","Polygonum lapathifolium var. lapathifolium"
"Polygonum lapathifolium","Persicaria lapathifolia","Polygonum lapathifolium var. salicifolium"
"Polygonum lapathifolium","Persicaria lapathifolia","Polygonum lapathifolium var. incanum"
"Polygonum lapathifolium","Persicaria lapathifolia","Polygonum lapathifolium var. ovatum"
"Polygonum lapathifolium","Persicaria lapathifolia","Polygonum lapathifolium var. prostratum"
"Polygonum persicaria","Persicaria maculosa","Polygonum fusiforme"
"Polygonum persicaria","Persicaria maculosa","Polygonum persicaria"
"Polygonum persicaria","Persicaria maculosa","Persicaria persicaria"
"Polygonum persicaria","Persicaria maculosa","Persicaria ruderalis"
"Polygonum persicaria","Persicaria maculosa","Persicaria vulgaris"
"Polygonum persicaria","Persicaria maculosa","Polygonum dubium"
"Polygonum persicaria","Persicaria maculosa","Polygonum minus"
"Polygonum persicaria","Persicaria maculosa","Persicaria ruderalis var. vulgaris"
"Polygonum persicaria","Persicaria maculosa","Polygonum persicaria var. angustifolium"
"Polygonum persicaria","Persicaria maculosa","Polygonum persicaria var. ruderale"
"Polygonum persicaria","Persicaria maculosa","Polygonum vernum"
"Populus alba",NA,"Populus alba var. bolleana"
"Populus alba",NA,"Populus alba var. pyramidalis"
"Populus alba",NA,"Populus alba var. nivea"
"Populus x canadensis",NA,"Populus X eugenei"
"Populus x canadensis",NA,"Populus euramericana"
"Populus x canadensis",NA,"Populus canadensis var. eugenei"
"Populus x canadensis",NA,"Populus canadensis var. serotina"
"Populus x canadensis",NA,"Populus X robusta"
"Populus nigra",NA,"Populus dilatata"
"Populus nigra",NA,"Populus italica"
"Populus nigra",NA,"Populus nigra var. italica"
"Potentilla sterilis",NA,"Fragaria sterilis"
"Prunus armeniaca",NA,"Armeniaca vulgaris"
"Prunus armeniaca",NA,"Prunus armeniaca var. vulgaris"
"Prunus avium",NA,"Cerasus avium"
"Prunus avium",NA,"Prunus cerasus var. avium"
"Prunus domestica",NA,"Prunus domestica ssp. domestica"
"Prunus domestica",NA,"Prunus domestica var. domestica"
"Prunus insititia",NA,"Prunus domestica ssp. insititia"
"Prunus insititia",NA,"Prunus domestica var. insititia"
"Prunus insititia",NA,"Prunus X domestica var. insititia"
"Pulicaria dysenterica",NA,"Inula dysenterica"
"Quercus petraea",NA,"Quercus sessiliflora"
"Quercus robur",NA,"Quercus robur f. fastigiata"
"Ranunculus acris",NA,"Ranunculus grandis"
"Ranunculus acris",NA,"Ranunculus acris var. acris"
"Ranunculus acris",NA,"Ranunculus acris var. frigidus"
"Ranunculus acris",NA,"Ranunculus boreanus"
"Ranunculus acris",NA,"Ranunculus acris ssp. strigulosus"
"Ranunculus acris",NA,"Ranunculus acris var. latisectus"
"Ranunculus acris",NA,"Ranunculus acris var. stevenii"
"Ranunculus acris",NA,"Ranunculus acris var. typicus"
"Ranunculus acris",NA,"Ranunculus acris var. villosus"
"Ranunculus acris",NA,"Ranunculus grandis var. austrokurilensis"
"Ranunculus acris",NA,"Ranunculus acris ssp. friesianus"
"Ranunculus auricomus",NA,"Ranunculus auricomus var. auricomus"
"Ranunculus auricomus",NA,"Ranunculus auricomus var. glabratus"
"Ranunculus auricomus",NA,"Ranunculus auricomus var. typicus"
"Ranunculus ficaria",NA,"Ranunculus ficaria var. ficaria"
"Ranunculus ficaria",NA,"Ranunculus ficaria ssp. bulbifera"
"Ranunculus ficaria",NA,"Ficaria ficaria"
"Ranunculus ficaria",NA,"Ficaria verna"
"Ranunculus ficaria",NA,"Ranunculus ficaria var. bulbifera"
"Ranunculus repens",NA,"Ranunculus repens var. repens"
"Ranunculus repens",NA,"Ranunculus repens var. glabratus"
"Ranunculus repens",NA,"Ranunculus repens var. degeneratus"
"Ranunculus repens",NA,"Ranunculus repens var. erectus"
"Ranunculus repens",NA,"Ranunculus repens var. linearilobus"
"Ranunculus repens",NA,"Ranunculus repens var. pleniflorus"
"Ranunculus repens",NA,"Ranunculus repens var. typicus"
"Ranunculus repens",NA,"Ranunculus repens var. villosus"
"Rosa canina",NA,"Rosa corymbifera"
"Rosa canina",NA,"Rosa dumetorum"
"Rosa canina",NA,"Rosa canina var. dumetorum"
"Rosa canina",NA,"Rosa montezumae"
"Rosa canina",NA,"Rosa caesia"
"Rosa canina",NA,"Rosa afzeliana"
"Rosa canina",NA,"Rosa andegavensis"
"Rosa canina",NA,"Rosa subcanina"
"Rosa canina",NA,"Rosa borreri"
"Rosa canina",NA,"Rosa sarmentacea"
"Rosa canina",NA,"Rosa coriifolia"
"Rosa canina",NA,"Rosa deseglisei"
"Rosa canina",NA,"Rosa evanida"
"Rosa canina",NA,"Rosa glaucophylla"
"Rosa canina",NA,"Rosa inconspicua"
"Rosa canina",NA,"Rosa blondaeana"
"Rosa canina",NA,"Rosa vosagiaca"
"Rosa canina",NA,"Rosa dumalis"
"Rosa canina",NA,"Rosa X dumetorum"
"Rosa pimpinellifolia","Rosa spinosissima","Rosa pimpinellifolia"
"Rosa pimpinellifolia","Rosa spinosissima","Rosa myriacantha"
"Rosa pimpinellifolia","Rosa spinosissima","Rosa lutescens"
"Rosa pimpinellifolia","Rosa spinosissima","Rosa illinoiensis"
"Rosa pimpinellifolia","Rosa spinosissima","Rosa sibirica"
"Rosa tomentosa",NA,"Rosa tomentosa var. globulosa"
"Rosa tomentosa",NA,"Rosa borckhausenii"
"Rosa tomentosa",NA,"Rosa cuspidata"
"Rosa tomentosa",NA,"Rosa insidiosa"
"Rosa tomentosa",NA,"Rosa seringeana"
"Rubia peregrina","Galium bermudense","Galium hispidulum"
"Rubia peregrina","Galium bermudense","Bataprine hispidula"
"Rubia peregrina","Galium bermudense","Galium carolinianum"
"Rubia peregrina","Galium bermudense","Galium hispidum"
"Rubia peregrina","Galium bermudense","Galium peregrina"
"Rubia peregrina","Galium bermudense","Rubia brownei"
"Rubia peregrina","Galium bermudense","Rubia peregrina"
"Rubia peregrina","Galium bermudense","Rubia walteri"
"Rubia peregrina","Galium bermudense","Galium peregrinum"
"Rubus ulmifolius",NA,"Rubus discolor"
"Rubus ulmifolius",NA,"Rubus ulmifolis"
"Rubus ulmifolius",NA,"Rubus ulmifolius var. inermis"
"Rubus ulmifolius",NA,"Rubus ulmifolius var. ulmifolius"
"Rubus ulmifolius",NA,"Rubus ulmifolius var. anoplothyrsus"
"Rumex acetosa",NA,"Acetosa alpestris"
"Rumex acetosa",NA,"Rumex alpestris"
"Rumex acetosa",NA,"Rumex acetosa ssp. acetosa"
"Rumex acetosa",NA,"Rumex acetosa ssp. alpestris"
"Rumex acetosa",NA,"Rumex acetosa ssp. ambiguus"
"Rumex acetosa",NA,"Rumex acetosa ssp. arifolius"
"Rumex acetosa",NA,"Acetosa pratensis ssp. alpestris"
"Rumex crispus",NA,"Rumex fauriei"
"Rumex crispus",NA,"Rumex crispus ssp. crispus"
"Rumex crispus",NA,"Rumex crispus ssp. fauriei"
"Salix alba",NA,"Salix X alba"
"Salix alba",NA,"Salix vitellina"
"Salix alba",NA,"Salix alba ssp. caerulea"
"Salix alba",NA,"Salix alba ssp. vitellina"
"Salix alba",NA,"Salix alba var. alba"
"Salix alba",NA,"Salix alba var. caerulea"
"Salix alba",NA,"Salix alba var. vitellina"
"Salix alba",NA,"Salix alba var. calva"
"Salix atrocinerea",NA,"Salix oleifolia"
"Salix atrocinerea",NA,"Salix cinerea ssp. oleifolia"
"Salix atrocinerea",NA,"Salix cinerea ssp. atrocinerea"
"Salix eleagnos",NA,"Salix elaeagnos"
"Salix eleagnos",NA,"Salix incana"
"Salix purpurea",NA,"Salix purpurea var. nana"
"Salix purpurea",NA,"Salix purpurea f. gracilis"
"Saponaria officinalis",NA,"Lychnis saponaria"
"Saponaria officinalis",NA,"Saponaria officinalis var. glaberrima"
"Scirpus holoschoenus","Scirpoides holoschoenus","Holoschoenus vulgaris"
"Scirpus holoschoenus","Scirpoides holoschoenus","Scirpus holoschoenus"
"Scirpus holoschoenus","Scirpoides holoschoenus","Holoschoenus romanus"
"Silene dioica",NA,"Lychnis dioica"
"Silene dioica",NA,"Melandrium dioicum"
"Silene dioica",NA,"Melandrium dioicum ssp. rubrum"
"Silene dioica",NA,"Melandrium rubrum"
"Silene latifolia","Silene vulgaris","Silene latifolia"
"Silene latifolia","Silene vulgaris","Oberna commutata"
"Silene latifolia","Silene vulgaris","Silene cucubalus"
"Silene latifolia","Silene vulgaris","Silene inflata"
"Silene vulgaris",NA,"Silene latifolia"
"Silene vulgaris",NA,"Oberna commutata"
"Silene vulgaris",NA,"Silene cucubalus"
"Silene vulgaris",NA,"Silene inflata"
"Solanum dulcamara",NA,"Solanum dulcamara var. dulcamara"
"Solanum dulcamara",NA,"Solanum dulcamara var. villosissimum"
"Sorbus aucuparia",NA,"Pyrus aucuparia"
"Sorbus aucuparia",NA,"Aucuparia subvestita"
"Sorbus aucuparia",NA,"Aucuparia sylvestris"
"Sorbus aucuparia",NA,"Sorbus amurensis"
"Sorbus aucuparia",NA,"Sorbus pohuashanensis"
"Sorbus aucuparia",NA,"Sorbus sibirica"
"Sorbus aucuparia",NA,"Sorbus aucuparia var. xanthocarpa"
"Sorbus torminalis",NA,"Crataegus torminalis"
"Sorbus torminalis",NA,"Pyrus torminalis"
"Sorbus torminalis",NA,"Torminaria torminalis"
"Sorbus torminalis",NA,"Torminaria clusii"
"Stachys officinalis",NA,"Betonica officinalis"
"Stellaria holostea",NA,"Alsine holostea"
"Stellaria media",NA,"Stellaria apetala"
"Stellaria media",NA,"Alsine media"
"Stellaria media",NA,"Stellaria media ssp. media"
"Stellaria media",NA,"Stellaria media var. procera"
"Tanacetum corymbosum",NA,"Chrysanthemum corymbosum"
"Taraxacum officinale",NA,"Taraxacum kok-saghyz"
"Taraxacum officinale",NA,"Taraxacum vulgare"
"Taraxacum officinale",NA,"Taraxacum officinale ssp. vulgare"
"Taraxacum officinale",NA,"Taraxacum palustre var. vulgare"
"Thalictrum minus",NA,"Thalictrum minus var. minus"
"Thalictrum minus",NA,"Thalictrum minus ssp. kemense"
"Thalictrum minus",NA,"Thalictrum hultenii"
"Thalictrum minus",NA,"Thalictrum collinum"
"Thalictrum minus",NA,"Thalictrum minus ssp. minus"
"Trifolium fragiferum",NA,"Trifolium fragiferum ssp. bonannii"
"Trifolium pratense",NA,"Trifolium pratense var. frigidum"
"Trifolium pratense",NA,"Trifolium pratense var. sativum"
"Trifolium repens",NA,"Trifolium repens var. giganteum"
"Trifolium repens",NA,"Trifolium repens var. repens"
"Trifolium repens",NA,"Trifolium occidentale"
"Trifolium repens",NA,"Trifolium repens var. biasolettii"
"Ulmus glabra",NA,"Ulmus campestris"
"Ulmus minor","Ulmus procera","Ulmus minor"
"Ulmus minor","Ulmus procera","Ulmus campestris"
"Ulmus minor","Ulmus procera","Ulmus carpinifolia"
"Viburnum lantana",NA,"Viburnum lantana var. sphaerocarpum"
"Viburnum lantana",NA,"Viburnum lantana var. glabratum"
"Vicia cracca",NA,"Vicia semicincta"
"Vicia cracca",NA,"Vicia tenuifolia"
"Vicia cracca",NA,"Vicia cracca ssp. cracca"
"Vicia cracca",NA,"Vicia cracca ssp. tenuifolia"
"Vicia cracca",NA,"Vicia cracca var. tenuifolia"
"Vicia cracca",NA,"Vicia dalmatica"
"Vicia cracca",NA,"Vicia elegans"
"Vicia cracca",NA,"Vicia incana"
"Vicia cracca",NA,"Vicia cracca ssp. grossheimii"
"Vicia cracca",NA,"Vicia cracca ssp. incana"
"Vicia cracca",NA,"Vicia cracca ssp. stenophylla"
